,Player,Pos,Team,Gp,Mpg,Orpm,Drpm,Rpm,Wins,UUID,adjusted_wins
0,Stephen Curry,PG,GS,79,34.2,12.03,-0.66,11.37,27.01,2f1008df-4d89-43d1-b8be-b9f05520f109,33.72
1,LeBron James,SF,CLE,76,35.6,5.75,2.88,8.63,20.19,f15e32f6-36a9-4efb-bce0-043c1bc98f68,26.900000000000002
2,Kevin Durant,PF,OKC,72,35.8,6.14,0.35,6.49,16.18,3a91d425-1011-4d09-9852-8cd43df314bc,22.89
3,Kawhi Leonard,SF,SA,72,33.1,2.09,4.29,6.37,13.88,a8de2eeb-afae-44ff-aa2f-24b11323daf9,20.59
4,Kyle Lowry,PG,TOR,77,37.0,4.23,1.30,5.53,14.91,f2f63d5e-6d9a-4240-ba9c-09b7870ead3f,21.62
5,Chris Paul,PG,LAC,74,32.7,4.61,0.84,5.45,13.13,61cbf931-8bc1-4186-99b6-41709cb25bf5,19.84
6,John Wall,PG,WSH,77,36.2,4.68,0.65,5.33,15.19,6fe56b56-bc6e-4e10-9319-9513743a0349,21.9
7,Isaiah Thomas,G,BOS,82,32.2,5.70,-0.51,5.19,14.47,a335578c-6e7e-4fa5-bb9d-c3181439274c,21.18
8,Russell Westbrook,PG,OKC,80,34.4,7.29,-2.26,5.02,14.44,503e16ad-6e69-4abd-b647-011fefd6883e,21.15
9,James Harden,SG,HOU,82,38.1,5.96,-1.37,4.59,15.42,ef0995d8-4803-48be-b6b8-d6cdc7e8c433,22.13
10,Nikola Jokic,C,DEN,80,21.7,1.28,3.18,4.45,7.97,4d321b07-ade4-497c-be07-e8335e03b288,14.68
11,JJ Redick,SG,LAC,75,28.0,2.10,2.04,4.14,9.46,5dab9cff-dac6-4c0c-ba68-6cf9a1d422c1,16.17
12,Draymond Green,PF,GS,81,34.7,3.43,0.47,3.90,12.71,3076cee1-0d1c-4d32-abf5-c06a847a9ef8,19.42
13,Klay Thompson,SG,GS,80,33.3,4.19,-0.31,3.87,11.92,01050c09-20ce-495f-ad70-44486158bc52,18.63
14,Dirk Nowitzki,F,DAL,75,31.5,1.27,2.47,3.75,9.74,2c65279f-3a4f-4c12-8369-793f979c9934,16.45
15,Khris Middleton,SF,MIL,79,36.1,1.68,1.87,3.54,11.51,73308122-b037-4736-afff-7f77dfe9910d,18.22
16,Jrue Holiday,PG,NO,65,28.2,3.97,-0.51,3.46,7.57,40b91da7-903b-40dc-b539-caf6cf904f73,14.280000000000001
17,Paul George,F,IND,81,34.8,3.35,0.11,3.45,11.63,fd3a23ba-8ccf-4790-bdf7-52782a310c86,18.34
18,Mike Scott,PF,ATL,75,15.3,0.57,2.87,3.44,4.56,7b4f831e-e0bf-4a53-bd90-74fdd0c8813c,11.27
19,Manu Ginobili,G,SA,58,19.6,1.89,1.47,3.36,4.45,294027c7-c0bb-467a-8693-07d4216b7587,11.16
20,Kyle Korver,G,ATL,80,30.0,0.75,2.50,3.25,9.52,e28e7e05-926f-49f1-8c11-5f0ab5b4c135,16.23
21,Kelly Olynyk,PF,BOS,69,20.2,1.58,1.55,3.13,5.44,40d27056-9a6f-49d1-a5e7-f450f8549647,12.15
22,Steven Adams,C,OKC,80,25.2,-1.25,4.29,3.04,7.51,46ce77d6-85a7-4a93-ba7d-f335ec907c76,14.219999999999999
23,Channing Frye,F,ORL/CLE,70,17.1,0.20,2.82,3.02,4.12,3b827399-84c6-455e-933b-a1d8df379cd0,10.83
24,Patrick Beverley,PG,HOU,71,28.7,1.03,1.97,3.01,7.58,e00c813d-373c-4c94-b76f-ae42f7df7723,14.29
25,Danny Green,F,SA,79,26.1,-0.40,3.38,2.98,7.24,69a55dfb-2eef-483c-ac31-e65bc0bf7d94,13.95
26,Ricky Rubio,PG,MIN,76,30.6,2.31,0.40,2.71,8.27,9903dc69-7800-43a5-8aa3-75796fdf6e5a,14.98
27,Kemba Walker,PG,CHA,81,35.6,1.28,1.43,2.70,9.93,5796f491-d801-4a1a-bcc6-40c6c321080b,16.64
28,Jeremy Lamb,SG,CHA,66,18.6,-0.24,2.87,2.63,4.13,5fd7ce18-1152-488f-b9b7-d1f10c271ee7,10.84
30,Patrick Patterson,PF,TOR,79,25.6,0.55,1.95,2.50,6.40,1e19f27d-c7b0-4b8a-a7c3-3107384f225b,13.11
31,Goran Dragic,PG,MIA,72,32.8,1.18,1.29,2.47,7.67,63f94e4b-0ea5-4f9b-b2e0-95851e27442b,14.379999999999999
32,Eric Bledsoe,SG,PHX,31,34.2,3.44,-1.01,2.44,3.74,17636843-a64e-4318-879c-78b734d763e8,10.45
33,CJ McCollum,SG,POR,80,34.8,1.52,0.88,2.39,9.08,0f573632-b692-47e3-a448-71de53dd5822,15.79
34,Victor Oladipo,SG,ORL,72,33.0,0.55,1.75,2.30,7.51,f04cdc8a-1971-4d58-8454-969dd95b87e7,14.219999999999999
35,Mario Chalmers,G,MIA/MEM,61,22.5,0.44,1.78,2.22,4.24,ef58d8ba-e529-4bcc-9e67-981596317b99,10.95
36,Damian Lillard,PG,POR,75,35.7,4.89,-2.70,2.20,8.55,661aaab7-cd03-4fc0-a2d5-66c720502a29,15.260000000000002
37,Mike Conley,PG,MEM,56,31.4,1.12,1.07,2.19,5.32,a8b6a012-c3c8-4266-8d7c-5560c18a4fab,12.030000000000001
38,Matthew Dellavedova,PG,CLE,76,24.6,0.20,1.95,2.15,5.63,f77a2c69-759a-4bd5-8182-e4993ed5463d,12.34
39,Avery Bradley,PG,BOS,76,33.4,1.89,0.23,2.12,8.08,d225077d-f5a5-4f73-8ffd-2c9ef8ee2c92,14.79
41,Tim Duncan,C,SA,61,25.2,-0.47,2.57,2.10,4.53,1aba9f56-0b6b-428e-b755-819a337ce515,11.24
42,Anthony Tolliver,PF,DET,72,18.6,0.41,1.69,2.10,4.07,4c407ada-6a2b-4571-a2b9-f6d1de4a1beb,10.780000000000001
43,Kentavious Caldwell-Pope,SG,DET,76,36.7,0.35,1.74,2.09,8.54,f00e8d00-42aa-42d8-8e69-28111939c9fa,15.25
44,Kevin Love,PF,CLE,77,31.5,1.75,0.33,2.08,7.18,d5ae36c1-d5d4-4d26-8c87-cdc42b78b90a,13.89
45,Jae Crowder,PF,BOS,73,31.6,1.57,0.36,1.93,7.14,112a0899-fd05-4119-8e17-29f27e44f857,13.85
46,Chris Bosh,PF,MIA,53,33.5,-0.50,2.40,1.90,4.99,a7bd2cff-7c2f-45eb-9289-7bb7de4d1636,11.7
47,Michael Kidd-Gilchrist,F,CHA,7,29.3,0.92,0.98,1.90,0.59,4d1c4ea2-ca30-4354-bf59-e58fad34489d,7.3
48,Brook Lopez,C,BKN,73,33.7,-0.20,2.09,1.89,7.14,a36692c7-1b71-468f-ab88-3d8ab5b548e1,13.85
49,Al Horford,C,ATL,82,32.1,1.48,0.39,1.86,7.90,8d5f6a78-1e2b-4ebe-92f4-885d3f6be695,14.61
50,DeMarcus Cousins,C,SAC,65,34.6,3.10,-1.29,1.81,6.86,8cbfc2fc-b6ca-4d1d-a325-02317f169d41,13.57
52,Kristaps Porzingis,C,NY,72,28.4,-0.92,2.71,1.79,5.72,37d0d975-4690-4f69-9443-467b6625b79d,12.43
53,Ronnie Price,PG,PHX,62,19.5,-1.31,3.07,1.76,3.49,26bf6f5d-41c6-4164-af67-c045f73551e2,10.2
54,Omri Casspi,F,SAC,69,27.2,1.73,0.02,1.75,5.58,1bd53df0-c4df-431c-8cf1-df17effb1bf1,12.29
55,Robert Covington,PF,PHI,67,28.4,0.92,0.73,1.65,5.42,1c4e4566-801f-43d2-99dc-07abae857905,12.129999999999999
56,Derrick Favors,F,UTAH,62,32.0,-0.34,1.94,1.59,5.17,bc659b74-d3c9-4eff-b31b-cb8ab7dcbd29,11.879999999999999
57,Jarell Eddie,F,WSH,26,5.7,2.06,-0.48,1.57,0.42,939addee-c4a6-4d68-a90b-93f53466ecd6,7.13
58,Boban Marjanovic,C,SA,54,9.4,1.86,-0.31,1.55,1.29,1f457d2a-ac8a-41a2-9fdd-cc1f34c4b3c5,8.0
59,Tyreke Evans,G,NO,25,30.6,1.39,0.12,1.51,2.04,ea2ffc40-e1c3-49e3-b18d-0d7bdac2a7c7,8.75
60,Mirza Teletovic,PF,PHX,79,21.3,3.72,-2.26,1.47,4.65,e4436927-79b9-4342-9ce4-15f46c19d02f,11.36
61,DeAndre Jordan,C,LAC,77,33.7,0.35,1.09,1.44,6.78,ede63d42-e042-41e3-89a4-4c40797689c3,13.49
62,Paul Millsap,PF,ATL,81,32.7,1.64,-0.21,1.43,7.13,34e4eb48-38f8-4a3d-84d9-aabfb3b229db,13.84
63,LaMarcus Aldridge,C,SA,74,30.6,-0.66,2.09,1.43,5.63,f2da6a45-f0b7-4c20-be4c-c6f694d4ce9e,12.34
64,Garrett Temple,SF,WSH,80,24.4,-0.60,1.97,1.37,5.09,f8c9ce69-a470-48f7-b7d1-dd6eeacf4bbb,11.8
65,Jimmy Butler,SF,CHI,67,36.9,0.53,0.82,1.36,6.33,f0fb95cc-2a0f-4518-a8e6-e7a789fd7c15,13.04
66,Andre Drummond,C,DET,81,32.9,0.28,1.08,1.36,6.72,1e0d924a-63aa-43fe-8912-7708757d7242,13.43
67,Danilo Gallinari,PF,DEN,53,34.7,0.16,1.18,1.34,4.68,6573b86a-b743-4f04-9a03-c094cf5fc45f,11.39
68,Rodney Hood,SG,UTAH,79,32.2,-0.58,1.91,1.33,6.09,506a76f4-e20f-43aa-9058-f6095e4a43c6,12.8
69,Marcus Thornton,SG,HOU/WSH,61,18.2,2.73,-1.43,1.30,2.93,de69b53e-9383-451f-8954-3acc624f458b,9.64
70,Andrew Bogut,C,GS,70,20.7,-1.89,3.19,1.30,3.70,fd7cea99-d716-44a9-96c7-506ffc3af456,10.41
71,Wesley Johnson,F,LAC,80,20.8,-0.27,1.55,1.29,4.15,dc0e75f9-d0e2-46c3-a203-aa625abd46f1,10.86
72,Marvin Williams,F,CHA,81,28.9,0.99,0.25,1.24,5.68,40aa8b01-32d3-4824-8aad-7ec22496e411,12.39
73,George Hill,PG,IND,74,34.1,-0.11,1.35,1.24,6.29,d6d8a4a1-344f-484b-9c8c-3bb3d05e80d7,13.0
74,Ramon Sessions,G,WSH,82,20.3,2.47,-1.30,1.17,4.15,eb09f3db-6f68-40fb-a2e9-768502a36fdb,10.86
75,Rudy Gobert,C,UTAH,61,31.7,-1.82,2.99,1.17,4.45,891f2335-cdb7-46ac-9824-4c1c585d809d,11.16
76,Blake Griffin,PF,LAC,35,33.4,1.26,-0.09,1.16,2.87,548d4996-f15b-46af-9dbf-38d6272876c7,9.58
77,Darren Collison,PG,SAC,74,30.0,2.50,-1.36,1.14,5.60,41a9ce09-0561-469e-8cce-4470cf24430c,12.309999999999999
78,Terrence Ross,G,TOR,73,23.9,-0.86,2.00,1.14,3.91,27f1c6b1-f02c-4d86-8ade-d93110fed343,10.620000000000001
79,Ryan Anderson,PF,NO,66,30.4,1.19,-0.06,1.13,5.00,10f2952a-16f2-442b-9f0d-34a7851f155f,11.71
80,Jon Leuer,F,PHX,67,18.7,1.20,-0.07,1.13,3.19,b2910714-019f-4100-bd7a-8d24f80bd278,9.9
82,Brandon Jennings,G,DET/ORL,48,18.1,1.84,-0.73,1.11,2.08,f4211bca-cdd3-4b7b-ac1d-6371d8e6e76d,8.79
83,Festus Ezeli,C,GS,46,16.7,-1.04,2.14,1.11,1.86,61d4855e-3d69-4aa2-8b3f-2d16cf0e0a34,8.57
84,Eric Gordon,SG,NO,45,32.9,1.57,-0.53,1.04,3.60,c9ef1818-96c7-404e-bec3-15d1ff9cc703,10.31
85,Pau Gasol,PF,CHI,72,31.8,0.38,0.64,1.02,5.33,4851c61b-ef46-44ed-b940-4c1229208225,12.04
86,David West,F,SA,78,18.0,0.00,1.01,1.01,3.09,f7b0e666-79f1-4095-81da-83d935f4b1ae,9.8
87,Trevor Booker,F,UTAH,79,20.7,-1.83,2.82,0.99,3.61,d6688108-7f0e-436b-be39-7bd24d235f31,10.32
88,Will Barton,SF,DEN,82,28.7,0.89,0.10,0.99,5.42,ebfe3487-196d-44b8-a9b6-7731f7ec8552,12.129999999999999
89,Kevin Garnett,PF,MIN,38,14.6,-2.77,3.76,0.99,1.26,4035d838-5ed7-4507-86ad-0488a9b9c358,7.97
90,Alan Anderson,SG,WSH,13,14.8,0.80,0.18,0.99,0.45,7adedf1a-d1b0-4afe-abf2-f74a1e083b9b,7.16
91,Cristiano Felicio,PF,CHI,31,10.4,0.13,0.85,0.98,0.73,2adc2fac-36c8-4490-9bf5-fc224c904df1,7.4399999999999995
92,Andre Iguodala,F,GS,65,26.6,0.24,0.72,0.97,4.07,04eabe67-1489-4ba0-a12e-0ec83adefd56,10.780000000000001
93,Tony Snell,SF,CHI,64,20.3,-2.48,3.42,0.94,2.93,6582bb12-ce5d-4928-ab6d-716a5f5d858f,9.64
94,Chandler Parsons,SF,DAL,61,29.5,0.87,0.07,0.94,3.94,db7bf925-db6a-4419-80f4-37fd136d0d2e,10.65
95,Clint Capela,C,HOU,77,19.1,-0.16,1.09,0.93,3.36,e9be8ca9-e030-48de-82b7-a5335d94efbe,10.07
96,Gordon Hayward,SF,UTAH,80,36.2,0.86,0.07,0.93,6.33,c2c237ba-d352-4fd8-8332-fc751a29d4c7,13.04
97,Jodie Meeks,G,DET,3,14.3,0.82,0.10,0.92,0.10,2cf19593-acd1-404e-8086-7114e4be23ac,6.81
98,Jeff Teague,PG,ATL,79,28.5,1.95,-1.05,0.91,5.24,ed4198c9-f1f9-4977-863b-b400610c3a2d,11.95
99,Tiago Splitter,C,ATL,36,16.1,-1.40,2.29,0.88,1.28,f626436c-73ea-4e6d-80d6-ef7dc37f1df2,7.99
100,Tim Frazier,PG,POR/NO,51,14.5,0.44,0.41,0.86,1.63,be4b6937-1ed7-49bc-b402-31aabe758f36,8.34
101,Lavoy Allen,F,IND,79,20.2,-1.73,2.54,0.81,3.38,cd4f8a1e-8717-4553-963f-ead63759981e,10.09
102,Gorgui Dieng,C,MIN,82,27.1,-0.69,1.50,0.81,4.81,cc059c85-f0e9-4ab3-86cf-f74a78c3c50f,11.52
104,Marc Gasol,C,MEM,52,34.4,-2.12,2.88,0.76,3.69,95e02886-747c-4d37-8859-30842f3b7707,10.4
105,Dahntay Jones,SG,CLE,1,42.0,0.90,-0.15,0.75,0.09,94a9ad6e-8b12-4b2e-8401-01cb43def117,6.8
106,Rajon Rondo,PG,SAC,72,35.2,2.94,-2.19,0.75,5.74,cd4a52de-5f5b-4ed8-a062-f9bc6e075400,12.45
107,Carmelo Anthony,PF,NY,72,35.1,1.33,-0.60,0.73,5.23,3807a8ee-fb89-4e24-a723-1b0b709a7a01,11.940000000000001
108,Christian Wood,F,PHI,17,8.5,0.22,0.50,0.72,0.33,28ab30a2-28b2-4930-96f2-182550364b36,7.04
109,Langston Galloway,SG,NY,82,24.8,-0.58,1.29,0.71,4.27,3c1d4a18-69d5-463e-9df6-b3a94949ac03,10.98
110,Quincy Acy,F,SAC,59,14.8,-0.58,1.29,0.70,1.89,7b9a8d4d-a606-4c64-8cb3-fd2f82e9e03f,8.6
111,Andrew Nicholson,F,ORL,56,14.7,-1.01,1.71,0.70,1.69,0876335a-1392-4037-869a-5dd26e16142e,8.4
112,Joe Johnson,G,BKN/MIA,81,33.4,-0.23,0.93,0.69,5.58,fca7c221-f167-42c8-a42a-9e28b3cef10e,12.29
113,Andrew Wiggins,SF,MIN,81,35.1,-0.07,0.76,0.69,6.04,30f36cfa-3eaf-4fba-ae7d-5a33ba2446ee,12.75
114,JR Smith,G,CLE,77,30.7,0.32,0.37,0.69,4.79,c6934142-59ed-4ade-9c3c-eef7384f1dcb,11.5
115,Seth Curry,SG,SAC,44,15.7,1.50,-0.81,0.69,1.49,cccb6627-2815-4fe9-a8f0-848a8612a022,8.2
116,Anthony Morrow,SG,OKC,68,13.6,1.68,-1.00,0.68,1.94,17369007-a86f-41a7-8929-28d530406766,8.65
117,Allen Crabbe,G,POR,81,26.0,0.93,-0.26,0.67,4.43,a4503ad8-21da-4b71-ad1c-fcbfc4fe8daf,11.14
118,Doug McDermott,SF,CHI,81,23.0,0.38,0.28,0.66,3.84,ccdf1954-0bd0-4239-a6ce-d53180b33617,10.55
119,Anthony Davis,PF,NO,61,35.5,1.02,-0.37,0.65,4.57,d8f59c50-268f-4f55-883b-bc65926f3c63,11.280000000000001
120,Rasual Butler,SF,SA,46,9.4,-1.62,2.25,0.63,0.85,2287806b-4230-46cd-8880-05081a354c9a,7.56
121,Sasha Vujacic,SG,NY,61,14.9,0.07,0.55,0.63,1.83,078bbee2-7009-42b8-9121-511069e3ed50,8.54
123,Nicolas Batum,PF,CHA,70,35.0,1.58,-0.98,0.60,4.89,1ac6a422-b800-4fdb-92f9-6582da2f974b,11.6
124,Justise Winslow,PF,MIA,78,28.6,-2.36,2.94,0.58,4.38,543f64b7-92fd-4004-917b-05ea7ec8a57f,11.09
125,Matt Bonner,C,SA,30,6.9,-0.39,0.97,0.58,0.39,ca28a0aa-2a84-4736-bbe7-6e6676aa847f,7.1
126,Reggie Jackson,PG,DET,79,30.7,2.07,-1.52,0.56,4.84,5d3a2927-8c9b-4174-ab0c-a4b05da0e1d1,11.55
127,Marcus Smart,PG,BOS,61,27.3,0.39,0.14,0.53,3.42,3405bc55-e42c-4c1a-bf28-8cce55075991,10.129999999999999
128,Jared Sullinger,C,BOS,81,23.6,0.07,0.46,0.53,3.87,9ac6202c-5fe3-457b-bfce-8521eb3be609,10.58
129,Jared Dudley,SF,WSH,81,25.9,0.59,-0.06,0.52,4.17,0276b1dd-e911-4d4d-ac77-6dc7c6d62a7d,10.879999999999999
130,Corey Brewer,F,HOU,82,20.4,0.31,0.20,0.50,3.44,8f3a5b2d-b8fc-439c-b40d-d1481dbcbfd6,10.15
131,Vince Carter,G,MEM,60,16.8,-0.23,0.73,0.50,1.93,019d4597-224e-49c3-b78f-149070a6951d,8.64
132,Shelvin Mack,G,ATL/UTAH,52,20.3,-0.25,0.72,0.47,1.97,8ba1213d-2602-41fe-a690-5042ee11f33a,8.68
133,Marcin Gortat,C,WSH,75,30.1,0.30,0.16,0.46,4.42,886ce925-763b-4c21-9034-9bf93bb1e71f,11.129999999999999
135,Jordan Hill,C,IND,73,20.7,-0.43,0.85,0.41,2.84,28319f48-ced1-4c12-babf-0d5cd85c7beb,9.55
136,Ian Mahinmi,C,IND,71,25.6,-0.93,1.33,0.40,3.50,ddc35ed3-b70d-42b1-a7bc-97ddcd53ad81,10.21
137,DeMarre Carroll,F,TOR,26,30.2,-0.96,1.36,0.40,1.48,53481e82-11a1-46c5-94be-f450702a1036,8.19
138,Deron Williams,PG,DAL,65,32.4,-0.38,0.76,0.38,3.85,31e6add0-2087-4795-ae66-a42dfc9c162c,10.56
139,Bradley Beal,SG,WSH,55,31.1,2.52,-2.16,0.37,3.28,45a90845-4882-4379-9cd8-624405bb1ff0,9.99
140,Jason Terry,G,HOU,72,17.5,1.01,-0.65,0.36,2.40,be74addb-41ff-4399-90a7-389841b06f97,9.11
141,Brandon Bass,PF,LAL,66,20.3,0.47,-0.15,0.32,2.43,26261d0a-4ea4-4314-9af9-eba5b320021d,9.14
142,Hassan Whiteside,C,MIA,73,29.1,-0.39,0.71,0.32,3.73,b2d4e35e-d992-4a59-a168-4ab9036e9ba1,10.44
143,Rondae Hollis-Jefferson,SF,BKN,29,21.2,-1.89,2.14,0.25,1.09,4b59f7c3-69e0-41df-946c-cc5be243f77b,7.8
144,Cody Zeller,C,CHA,73,24.3,-0.40,0.65,0.25,3.11,d154be96-2675-4c8e-b5c8-a9ba6b37faff,9.82
146,Boris Diaw,C,SA,76,18.2,-0.24,0.45,0.21,2.38,423f269d-72f8-468b-935f-af9febe4fe03,9.09
147,Jamal Crawford,G,LAC,79,26.9,-0.05,0.26,0.21,3.73,9d93177f-40b0-4e5f-9798-4f54ea6e53e0,10.44
148,Dwight Howard,C,HOU,71,32.1,-0.32,0.53,0.21,4.04,fbfff279-863a-4e79-bd74-f997d4a2b072,10.75
149,JJ Hickson,C,DEN/WSH,35,12.5,0.00,0.20,0.20,0.78,a8d7d83b-1f5a-4102-982d-3e90c0f900da,7.49
150,Richaun Holmes,F,PHI,51,13.8,0.92,-0.74,0.19,1.27,6e36d9aa-5c11-46c7-860d-f8b9793baf2a,7.98
151,Al-Farouq Aminu,SF,POR,82,28.5,0.02,0.16,0.18,4.12,923266f0-bcfa-4dbd-b186-859cd232c4bb,10.83
152,Ed Davis,C,POR,81,20.8,-1.08,1.22,0.14,2.82,49689c1c-b01d-44ef-8044-daddc9ae92b7,9.53
153,James Jones,SG,CLE,48,9.6,-0.47,0.56,0.08,0.75,3b0ea522-69aa-45d6-8bf2-47e0ca04e8f5,7.46
154,Duje Dukan,PF,SAC,1,24.0,0.32,-0.24,0.08,0.04,712c59be-eb79-4a0a-a401-dd1a83912eb5,6.75
155,Zach Randolph,F,MEM,68,29.6,-0.88,0.96,0.08,3.19,71672ebf-e0d2-4a53-b5cc-6597ef66ef33,9.9
156,Isaiah Canaan,G,PHI,77,25.5,0.29,-0.27,0.02,3.24,75b7b678-90f7-4a93-9e28-f2e876d961f0,9.95
157,Markieff Morris,PF,PHX/WSH,64,25.5,-0.79,0.81,0.02,2.71,a535af48-3739-49e3-b431-dbaff4802848,9.42
158,Aaron Gordon,PF,ORL,78,23.9,0.36,-0.34,0.02,3.02,7fdb47af-9741-4bc3-81e4-af05a7f215b5,9.73
159,Metta World Peace,SF,LAL,35,16.9,-2.91,2.92,0.02,0.91,7d5410b3-0b90-4fc9-8350-b731776296d0,7.62
161,Norman Powell,SF,TOR,49,14.8,-0.06,0.07,0.01,1.11,85164da8-e7be-43f3-a6d4-659d329f5a4b,7.82
164,Wesley Matthews,SG,DAL,78,33.9,-0.25,0.24,-0.01,4.12,30477cdf-6bc5-4ae9-b2e2-ba0247ebf395,10.83
165,Kenneth Faried,F,DEN,67,25.3,1.30,-1.31,-0.01,2.70,1b50af52-af5f-4544-b406-5f95bea5049a,9.41
166,Nikola Mirotic,F,CHI,66,24.9,1.08,-1.11,-0.04,2.62,db8838f3-bbfd-4265-817c-7fe0831a3d5b,9.33
167,Steve Novak,SF,OKC/MIL,10,4.4,0.11,-0.16,-0.05,0.08,61b5c924-653e-456e-9f49-0419c2fdd193,6.79
168,Donatas Motiejunas,PF,HOU,37,14.8,-0.45,0.38,-0.07,0.86,44480a69-1787-462d-a660-cdb306c047df,7.57
169,Jerryd Bayless,G,MIL,52,28.9,-0.60,0.53,-0.07,2.28,6be8ef5a-c796-45e6-a9d2-41f94bb9a976,8.99
170,Jordan Hamilton,SG,NO,11,27.6,0.97,-1.04,-0.07,0.47,50efd8c4-d368-44d3-aa7a-3517c1773f58,7.18
171,Charlie Villanueva,PF,DAL,62,10.7,0.52,-0.59,-0.07,1.03,26b0cabb-3978-491d-8f37-4e3370883af3,7.74
172,Chase Budinger,SF,IND/PHX,66,14.1,0.14,-0.22,-0.08,1.46,d5bee85f-173c-414d-ae61-8c5bbf1469e0,8.17
173,Courtney Lee,G,MEM/CHA,79,29.5,-1.39,1.31,-0.09,3.48,473db9ac-4bf3-42aa-97bc-f1d373230c81,10.19
174,Monta Ellis,SG,IND,81,33.8,0.01,-0.13,-0.11,4.30,faa665e8-2fa5-4bbb-8247-8ef7bbd8c177,11.01
175,Joe Ingles,SG,UTAH,81,15.3,-0.98,0.86,-0.11,1.83,e8f7e00d-dedc-40e1-84ee-cd4c740f7844,8.54
176,Ben McLemore,SG,SAC,68,21.2,0.55,-0.66,-0.12,2.32,fa75fe59-a0f3-4622-a2f6-a8b299a575b3,9.03
177,Al Jefferson,C,CHA,47,23.3,-1.54,1.42,-0.12,1.63,1d68c26e-b492-433f-aeee-6c34f9f786de,8.34
178,Luol Deng,F,MIA,74,32.4,0.00,-0.15,-0.14,3.53,6f179d17-b99b-42d2-a886-2494fe933860,10.24
179,Iman Shumpert,G,CLE,54,24.4,-2.10,1.95,-0.15,1.91,312a38d9-dac2-45b5-9e5a-c7a6387738d1,8.620000000000001
180,Tristan Thompson,C,CLE,82,27.7,-1.01,0.79,-0.22,3.24,678144c4-fb03-42fa-88df-c77576787fa7,9.95
181,Tobias Harris,PF,ORL/DET,76,33.1,-1.39,1.16,-0.23,3.50,f933c097-9567-4bec-a9f8-1c1d6a61061e,10.21
182,Nikola Vucevic,C,ORL,65,31.3,0.27,-0.54,-0.28,2.81,7dbfb630-f3f9-4f59-a69d-b2ea9c08145c,9.52
183,Kyrie Irving,PG,CLE,53,31.5,1.74,-2.02,-0.28,2.29,6c1bb9b8-8772-428c-bdd6-b1956c33c58a,9.0
184,JaMychal Green,F,MEM,78,18.5,-0.68,0.37,-0.30,1.99,8a00f11f-5cc1-4b94-9fb0-455aff4bd534,8.7
185,Dwight Powell,C,DAL,69,14.4,-1.80,1.46,-0.34,1.36,ba6dd21f-a5ba-44e7-838e-ab37967bffb9,8.07
186,Gerald Green,G,MIA,69,22.6,-0.64,0.29,-0.35,2.04,01d2d1be-a8bf-4adb-8d64-ef490251a851,8.75
187,Randy Foye,SG,DEN/OKC,81,20.3,-1.83,1.48,-0.35,2.20,5a7070fe-0b08-4b3e-8076-5330f2875306,8.91
188,Greg Monroe,C,MIL,79,29.3,0.80,-1.16,-0.36,3.08,8504f9a2-2cd4-40c8-9bec-88e005348c67,9.79
189,Luke Babbitt,F,NO,47,18.0,0.19,-0.55,-0.37,1.16,85ea0765-51a9-4a13-ac67-a458704269d8,7.87
190,Reggie Bullock,SF,DET,37,11.6,-0.29,-0.10,-0.39,0.54,3fe7d90f-c200-45c5-962f-8c14fd8c0986,7.25
191,Willie Reed,C,BKN,39,10.9,-0.75,0.36,-0.40,0.57,6323a874-85d7-413b-ab54-88f43733b3aa,7.28
192,Jordan McRae,G,PHX/CLE,22,8.9,-0.15,-0.26,-0.41,0.24,75396598-d6dd-4952-805b-03e535620716,6.95
193,Sergey Karasev,SG,BKN,40,10.0,-0.08,-0.37,-0.45,0.54,f40f7940-933b-4a1c-9eb2-15295f07e351,7.25
194,Kyle Anderson,SF,SA,78,16.0,-2.69,2.23,-0.46,1.54,688245ab-db21-498d-9139-031d025ea550,8.25
195,Amir Johnson,F,BOS,79,22.8,-1.34,0.87,-0.47,2.32,3500f176-761e-4899-81c8-74c54d2e1ffd,9.03
196,KJ McDaniels,F,HOU,37,6.4,-0.59,0.09,-0.50,0.31,e2c0d3c1-f8d5-43e2-8062-025ea900869d,7.02
197,Elfrid Payton,PG,ORL,73,29.4,-0.11,-0.39,-0.50,2.66,bdc8584e-6ad7-4acc-b689-01d48ad87080,9.370000000000001
198,Sean Kilpatrick,G,DEN/BKN,31,19.9,3.59,-4.10,-0.52,0.80,8f3fde34-e974-4681-8522-46cd83b74fb5,7.51
199,Andre Roberson,F,OKC,70,22.2,-2.32,1.77,-0.55,1.88,6c9cc11d-1150-44d8-87d3-942078449755,8.59
200,Devin Harris,G,DAL,64,20.0,-0.36,-0.20,-0.56,1.58,c54c7212-4eb4-4297-99cb-63f06139cd74,8.29
201,Giannis Antetokounmpo,PF,MIL,80,35.3,0.28,-0.86,-0.57,3.34,f5e976f0-2383-4f34-869e-912b0daebc1d,10.05
202,Jeff Withey,C,UTAH,51,12.9,-2.74,2.14,-0.60,0.72,2a7593a3-96eb-43fe-9019-54acf73ce5a7,7.43
203,RJ Hunter,G,BOS,36,8.8,-0.79,0.17,-0.62,0.38,54e9d7e6-13ff-4556-93ba-8d05bfcc1122,7.09
205,Thaddeus Young,PF,BKN,73,33.0,-0.53,-0.09,-0.62,2.81,251cf798-a198-478f-8cfb-7a7bd077edcf,9.52
206,Caron Butler,SF,SAC,17,10.4,-0.95,0.33,-0.62,0.21,1de786dd-1fcd-4ab9-b048-4cf8e3288a40,6.92
207,Montrezl Harrell,C,HOU,39,9.7,0.34,-0.96,-0.62,0.47,64379148-f232-45b7-abe0-c3f3b5c6138a,7.18
208,Jarell Martin,F,MEM,27,14.1,-1.23,0.61,-0.63,0.43,a00820f2-126b-4d4a-b7e4-c312c6dd3e93,7.14
209,Darrun Hilliard,G,DET,38,10.1,-0.42,-0.21,-0.63,0.43,9253dd7a-4f01-4066-9f22-ddb9f6a83030,7.14
210,Chris Johnson,SG,UTAH,70,12.2,-2.38,1.75,-0.63,0.96,4e9ae3d1-14fe-4bd8-af3b-c94a1256a51a,7.67
211,Harrison Barnes,SF,GS,66,30.9,-0.45,-0.20,-0.65,2.40,89a7a924-3a08-4f82-b358-d6fdc8d1118e,9.11
212,Jonas Jerebko,F,BOS,78,15.1,-2.34,1.69,-0.66,1.37,f4e85826-129d-4fc4-ad66-8d94b41d4a94,8.08
213,Troy Daniels,G,CHA,43,11.1,1.42,-2.09,-0.68,0.55,282da70c-1c2e-432f-bd15-27ffea5ba173,7.26
214,Gary Harris,SG,DEN,76,32.1,0.64,-1.35,-0.71,2.72,dba1b189-705e-4c80-9a44-d2e7249aac69,9.43
215,Trevor Ariza,SF,HOU,81,35.3,0.03,-0.75,-0.73,3.21,88096c7c-12f5-4a15-8541-69173def46ce,9.92
216,Devyn Marble,G,ORL,28,8.9,-1.30,0.55,-0.75,0.27,ef48ea72-92de-4d7c-aaa6-7c4c082147a9,6.98
217,Kent Bazemore,SF,ATL,75,27.8,0.50,-1.25,-0.76,2.34,480c950a-d2f5-43ff-8441-c3f903cbb1af,9.05
218,Cory Joseph,PG,TOR,80,25.6,-2.69,1.93,-0.76,2.13,ee6e34f3-5e7e-4a65-b292-c3ce999a76e1,8.84
219,Solomon Hill,SF,IND,59,14.7,-0.55,-0.21,-0.76,0.95,a1f5d693-8a60-4d45-a7ca-813bfa00bc97,7.66
220,Trey Burke,PG,UTAH,64,21.3,-0.81,0.04,-0.77,1.39,abd020b9-658b-4ddd-b269-525c8616ae63,8.1
221,Andre Miller,PG,MIN/SA,39,11.8,-0.88,0.08,-0.80,0.44,c572c106-7e60-4ff3-a115-1f32869d30c9,7.15
222,Tony Allen,SG,MEM,64,25.3,-2.17,1.35,-0.82,1.61,f0256318-7460-4b78-9d75-c3673bdef775,8.32
224,Zaza Pachulia,C,DAL,76,26.4,-2.48,1.64,-0.84,1.97,b324d9e9-77cd-49f2-8580-0b9b1c3eb0d3,8.68
225,Tyus Jones,PG,MIN,37,15.5,0.33,-1.16,-0.84,0.59,79f3bb17-0a5a-454f-a638-6092318cf26b,7.3
227,Luis Scola,F,TOR,76,21.5,-1.01,0.17,-0.84,1.59,af15b787-bdbb-45c7-b801-b241ce9f5e5d,8.3
228,Josh Richardson,SG,MIA,52,21.3,-1.50,0.63,-0.87,1.06,506999f4-2b8d-4abc-aab2-b640bbe10243,7.77
229,Mason Plumlee,C,POR,82,25.4,0.11,-1.01,-0.89,2.06,c10055eb-cf04-4a5d-9f0e-79093e31e4f2,8.77
230,Brandon Knight,PG,PHX,52,36.0,1.35,-2.26,-0.90,1.92,1a9f0723-a183-4aba-bd80-ecc17e4f2bba,8.629999999999999
231,Anthony Brown,F,LAL,29,20.7,-2.94,2.03,-0.91,0.57,a01bb2f0-3235-434f-a2db-7d56c0704de5,7.28
232,Shabazz Muhammad,F,MIN,82,20.5,0.10,-1.06,-0.95,1.57,de802a3f-609e-43bb-bd6e-5cac40aaa592,8.280000000000001
233,Leandro Barbosa,G,GS,68,15.9,0.41,-1.37,-0.96,1.03,57a483dc-c6a0-4a8f-af70-12d6e639ff7b,7.74
234,Bryce Dejean-Jones,SG,NO,14,19.9,-1.51,0.54,-0.96,0.25,d33bf034-1ca3-478e-8778-22b152ad990f,6.96
235,E'Twaun Moore,G,CHI,59,21.4,-1.10,0.12,-0.99,1.16,abad6b5e-4a1d-4e86-bb4e-b5833f1aa1b8,7.87
236,Karl-Anthony Towns,C,MIN,82,32.0,1.58,-2.58,-1.00,2.43,63a46e64-b149-4624-9b93-6d707112e409,9.14
238,Gerald Henderson,SG,POR,72,19.9,-1.57,0.57,-1.01,1.28,5cb2d23c-7065-40fc-83c0-21d38cc0cf25,7.99
240,David Lee,PF,BOS/DAL,55,16.4,0.10,-1.14,-1.04,0.80,6bec70f0-a57a-45ea-89b6-9c8a5236b619,7.51
241,Joakim Noah,C,CHI,29,21.9,-1.19,0.16,-1.04,0.55,966edf81-b6b9-4f2c-83a5-73bcbe7f0157,7.26
242,CJ Miles,G,IND,64,22.9,0.36,-1.42,-1.06,1.31,2c904234-a3e3-454f-9246-23ca2b92628b,8.02
246,Jason Thompson,PF,GS/TOR,47,10.0,-1.22,0.14,-1.08,0.39,4b0c1581-8c55-4aa6-9670-5a55681ddca0,7.1
247,Ersan Ilyasova,PF,DET/ORL,74,25.4,-0.21,-0.88,-1.09,1.58,cde3632a-570c-4d70-ae7a-fd20c9c566a8,8.29
249,Shabazz Napier,G,ORL,55,10.9,-0.69,-0.42,-1.11,0.48,125ea97b-ad1b-4e39-b332-ce0f2f234ff6,7.1899999999999995
250,Donald Sloan,G,BKN,61,21.6,0.11,-1.22,-1.11,1.07,958fd00c-6712-4567-b34e-a59514afb7df,7.78
252,Mike Muscala,C,ATL,60,9.4,-0.98,-0.13,-1.12,0.46,6ca7ae28-c4ad-4bcc-91ef-bd3c02cc7520,7.17
253,Toney Douglas,PG,NO,61,20.7,1.51,-2.64,-1.13,1.05,accfe225-18a9-4078-92e7-405878f2a011,7.76
254,Michael Carter-Williams,G,MIL,54,30.5,-1.43,0.29,-1.14,1.33,428ac42d-ad0f-4c59-a8e6-158bb1673e15,8.04
255,Spencer Hawes,PF,CHA,57,18.2,-1.31,0.16,-1.14,0.83,8fb166f5-dbf5-45bb-a2e0-5af893b20ca5,7.54
256,Matt Barnes,SF,MEM,76,28.8,0.14,-1.29,-1.15,1.73,b92af0fe-338d-45b1-b6a0-2f2df74e2183,8.44
257,Glenn Robinson III,F,IND,45,11.3,-1.51,0.36,-1.15,0.41,65693f24-2dec-4f08-beb7-8a5a2e723057,7.12
258,Josh Smith,PF,LAC/HOU,55,16.0,-1.15,-0.00,-1.15,0.71,8c4597dc-5c78-4733-b3da-5fcb43fcb5c1,7.42
259,Shaun Livingston,G,GS,78,19.5,-0.28,-0.89,-1.16,1.22,8458ec4e-9884-48c9-aad0-aa65437c0dfa,7.93
260,Jabari Parker,PF,MIL,76,31.7,-0.55,-0.61,-1.16,1.87,9d5307c3-b6e4-40fc-bae0-836e6fae3575,8.58
261,Andrew Goudelock,PG,HOU,8,6.3,-0.06,-1.11,-1.17,0.04,bf4218c1-ea3e-48fb-86aa-22abdd790fc8,6.75
262,Chris Copeland,SF,MIL,24,6.5,0.22,-1.39,-1.17,0.11,1561db1c-0cfb-4476-bdf1-565754c01281,6.82
263,Tyler Johnson,G,MIA,36,24.0,-2.24,1.07,-1.18,0.65,b3395ebc-3e12-463f-a2a5-b1c5574e28a2,7.36
265,Kirk Hinrich,SG,CHI/ATL,46,13.7,-2.83,1.65,-1.18,0.47,6c87dbac-24b9-4717-9a1c-3492a6449c3b,7.18
266,Jordan Farmar,PG,MEM,12,24.3,-0.18,-1.00,-1.18,0.22,af99109b-4f87-4db5-ba83-af9a73f6b4ee,6.93
267,Robin Lopez,C,NY,82,27.1,-1.81,0.61,-1.19,1.65,4d7f91a6-a041-4861-aa38-da84ec3647c2,8.36
268,Meyers Leonard,C,POR,61,21.9,0.06,-1.27,-1.21,1.00,e20a125b-b567-4e98-8725-01c9ce24400f,7.71
269,Miles Plumlee,C,MIL,61,14.3,-1.54,0.33,-1.21,0.65,015e1492-2cf1-4985-9b8b-23e849d9b972,7.36
270,Evan Fournier,SG,ORL,79,32.5,0.91,-2.19,-1.29,1.79,9a54ddb2-9d34-4e05-8486-40715ae3ad18,8.5
271,Paul Pierce,SF,LAC,68,18.1,-1.18,-0.11,-1.30,0.86,d14d1240-57b5-4cfb-b38e-3993d37eb1d3,7.57
272,Frank Kaminsky,PF,CHA,81,21.1,-1.87,0.57,-1.30,1.17,44108de8-e7c7-44ab-a941-e251c03a99e6,7.88
273,Serge Ibaka,F,OKC,78,32.1,-0.66,-0.65,-1.31,1.75,ebd9c171-4045-4a23-b4d3-c3e8fda32b8f,8.46
275,Lance Stephenson,G,LAC/MEM,69,19.9,-0.53,-0.80,-1.32,0.94,c5a69a27-c2ed-4525-b374-1b615cc48725,7.65
276,Darrell Arthur,F,DEN,70,21.7,-1.81,0.47,-1.34,1.01,fda74c26-4843-42dc-be30-d9d0b5c04917,7.72
277,JaVale McGee,C,DAL,34,10.9,-1.63,0.25,-1.39,0.23,68b72a95-0ce8-4723-be8d-5ffeaa333aac,6.94
278,Taj Gibson,F,CHI,73,26.5,-1.56,0.16,-1.40,1.20,8e37c54a-00ac-435b-a0bb-4261e632d568,7.91
279,Salah Mejri,C,DAL,34,11.7,-1.95,0.55,-1.41,0.24,d209c889-5175-4736-9892-424c958fadf9,6.95
280,Tony Parker,G,SA,72,27.5,-1.65,0.22,-1.43,1.15,0ea2d348-8b73-4aab-8897-7c65a7b7146e,7.859999999999999
281,Dwyane Wade,G,MIA,74,30.5,-0.35,-1.09,-1.44,1.34,3debf7bb-2228-4a7a-82fb-3e730f83f012,8.05
282,Jonas Valanciunas,C,TOR,60,26.0,-0.30,-1.14,-1.44,0.90,363e7f6b-4c34-4443-a2fa-86af3601dec5,7.61
283,Jeremy Lin,G,CHA,78,26.3,-1.35,-0.10,-1.45,1.21,c17c1298-d9b1-46ef-88df-38be70ac116d,7.92
284,Kyle O'Quinn,C,NY,65,11.8,-1.21,-0.25,-1.45,0.44,c41480b3-4567-481d-b935-6c54b966f9df,7.15
285,Raul Neto,PG,UTAH,81,18.5,-2.39,0.94,-1.45,0.83,7565d0ed-9696-4628-9ffd-4182c2d03c21,7.54
287,Aron Baynes,C,DET,81,15.2,-1.12,-0.37,-1.49,0.70,220379fa-d79e-4b35-8b34-091176908e7e,7.41
288,Mario Hezonja,F,ORL,79,17.9,-0.64,-0.86,-1.50,0.77,5d01b161-c2ca-43a2-bc27-41bb659bfec9,7.48
289,Rudy Gay,SF,SAC,70,34.0,-0.00,-1.50,-1.50,1.40,258e3e01-cda6-4d95-86e7-6011f215b62c,8.11
290,Jarrett Jack,G,BKN,32,32.1,-0.27,-1.24,-1.51,0.57,49ec37c6-3669-4de9-b559-5440bcd6cb84,7.28
291,Kobe Bryant,SF,LAL,66,28.2,1.31,-2.83,-1.52,1.02,24d0e17f-fb15-4609-84f0-ff0d88dc0937,7.73
292,Marreese Speights,F,GS,72,11.6,-0.05,-1.49,-1.54,0.44,5ddb2904-3470-432a-aa77-4197a63db99a,7.15
293,Nemanja Bjelica,PF,MIN,60,17.9,-0.92,-0.62,-1.54,0.58,03ee19a3-322a-4d8d-9b6b-064f86e6ad19,7.29
294,Bismack Biyombo,C,TOR,82,22.0,-3.05,1.51,-1.54,0.90,da767da1-be6c-4733-aa9a-3db35a8c454b,7.61
295,Hollis Thompson,F,PHI,77,28.0,0.88,-2.44,-1.56,1.17,eb6679a8-df04-4e59-aaec-59575a2fad57,7.88
296,Justin Anderson,F,DAL,55,11.8,-1.91,0.35,-1.56,0.34,1ab7ab39-d3a8-4b1d-9a2c-27828c2cb5aa,7.05
297,Jerami Grant,SF,PHI,77,26.8,-1.70,0.13,-1.57,1.08,63126e91-4dc1-4fc1-be12-faffc3ec7d40,7.79
298,Josh Huestis,F,OKC,5,11.0,-1.85,0.27,-1.58,0.03,3fed82b6-1e6a-474e-8055-e9a0be337863,6.74
299,Thabo Sefolosha,F,ATL,75,23.4,-2.01,0.42,-1.59,0.90,15574ff6-35e8-43e3-a993-e8df46245002,7.61
300,Mike Dunleavy,SG,CHI,31,22.7,-0.46,-1.14,-1.60,0.34,b11f83f8-692f-4af3-b60f-b9e31171adfa,7.05
301,Lamar Patterson,SG,ATL,35,11.3,-0.81,-0.79,-1.61,0.19,a2717d3a-4fe0-4faa-8b00-2015ab55f4eb,6.9
302,John Jenkins,G,DAL/PHX,43,11.2,-0.28,-1.34,-1.62,0.24,873da288-c829-4cb2-b81f-7e6ca22664e2,6.95
303,Cole Aldrich,C,LAC,60,13.3,-0.95,-0.69,-1.63,0.36,870dc916-98fe-477b-a38e-9756e3096404,7.07
304,Tarik Black,F,LAL,39,12.7,-2.74,1.10,-1.64,0.22,49c9e101-2a16-4703-b874-232ac2ee42ff,6.93
305,Lucas Nogueira,C,TOR,29,7.8,-1.44,-0.23,-1.67,0.10,37408756-8249-461c-8d04-270699ac4925,6.81
306,Axel Toupane,SG,DEN,21,14.5,-1.00,-0.67,-1.67,0.14,cb482957-2234-480b-a1ea-b70fcd80f704,6.85
307,Cameron Payne,PG,OKC,57,12.2,-0.69,-0.99,-1.67,0.30,ba0799f7-dacd-4915-9958-eb7ad0295495,7.01
308,Pablo Prigioni,PG,LAC,59,13.9,-2.08,0.40,-1.68,0.34,fdff74f7-1eb6-4c17-9f76-caeb9344d149,7.05
309,Phil Pressey,PG,PHI/PHX,23,12.3,0.94,-2.62,-1.68,0.14,b1d899dd-5161-42f7-98b6-ca7419536d0c,6.85
310,Elijah Millsap,F,UTAH,20,8.7,-1.86,0.18,-1.68,0.07,5fd044ad-8f71-4f1f-b233-c2fac7b5eb77,6.78
311,Luc Mbah a Moute,F,LAC,75,17.0,-3.47,1.77,-1.69,0.56,0b7e9db4-920e-4897-a309-b15c92e20f06,7.27
312,DeMar DeRozan,SF,TOR,78,35.9,-0.95,-0.75,-1.70,1.14,272f27e6-3e62-4f8e-b945-8bed931d3cba,7.85
313,Alec Burks,SG,UTAH,31,25.7,-1.34,-0.41,-1.74,0.31,25257545-d3e2-44b6-a29b-cdef3ec66ef3,7.02
314,Cory Jefferson,F,PHX,8,6.3,-2.12,0.36,-1.76,0.02,730a9d6a-a70e-46e3-ad42-bc7f15541988,6.7299999999999995
315,Devin Booker,SG,PHX,76,27.7,0.67,-2.45,-1.78,0.80,01d9a572-c2d4-49b6-8582-9eebd9e2e7a1,7.51
316,Marco Belinelli,G,SAC,68,24.6,-0.84,-0.98,-1.82,0.59,2f42942e-87c8-48d2-8325-d2d38a2b12b2,7.3
317,Jose Calderon,G,NY,72,28.1,-0.87,-0.96,-1.82,0.66,70556d6d-1554-4aeb-adb5-74cdce1c3384,7.37
318,Michael Beasley,F,HOU,20,18.2,0.68,-2.51,-1.84,0.13,ccc10c40-fa93-45e7-9fdc-77d4414a0ad2,6.84
319,Alan Williams,C,PHX,10,6.8,-0.65,-1.19,-1.84,0.02,e74ca343-c0b1-4b6e-93c1-2a8b2f5195b4,6.7299999999999995
320,Jordan Clarkson,PG,LAL,79,32.3,-1.05,-0.81,-1.86,0.79,d7aa0308-767f-4f9a-905e-8800e7c41ef7,7.5
321,Kris Humphries,PF,WSH/PHX/ATL,53,15.8,-0.64,-1.23,-1.87,0.26,6226c0c6-1d82-412f-aa45-1ffbb1e63bdc,6.97
322,Willie Cauley-Stein,C,SAC,66,21.4,-0.49,-1.41,-1.90,0.41,d748f99a-f263-4fd7-8016-e2d7a4c298d8,7.12
323,Tyson Chandler,C,PHX,66,24.5,-2.37,0.45,-1.92,0.44,8c507a1f-0040-43af-a02c-2e453b5ecb1c,7.15
324,Josh McRoberts,PF,MIA,42,14.2,-1.27,-0.65,-1.92,0.15,c7fa55e1-2769-4310-acd6-8d7b47fff89c,6.86
325,Brandan Wright,F,MEM,12,17.7,-1.41,-0.52,-1.92,0.05,e7de1444-20e3-4c64-aae6-e9a745be3232,6.76
328,Myles Turner,C,IND,60,22.8,-2.26,0.31,-1.95,0.34,1d73aa8e-2ad6-4893-845a-b20a22863047,7.05
329,Ian Clark,G,GS,66,8.8,0.28,-2.24,-1.96,0.14,802254b7-612b-400f-8bad-49546683c0da,6.85
330,Jordan Adams,SG,MEM,2,7.5,-1.63,-0.33,-1.96,0.00,b6210bce-47e5-461d-9346-00b40f8f96ad,6.71
331,Lance Thomas,F,NY,59,22.3,-2.07,0.10,-1.96,0.31,88588539-4f5a-4ef6-9766-779fb2e49f53,7.02
332,Evan Turner,G,BOS,81,28.0,-1.62,-0.35,-1.97,0.55,323a3bdf-8bbd-4f2f-9e5e-1bc63b264320,7.26
333,Norris Cole,PG,NO,45,26.6,-0.11,-1.87,-1.98,0.28,f611b1e5-cf88-4a9a-8a61-f28cf069b294,6.99
334,Derrick Williams,PF,NY,80,17.9,-0.04,-1.94,-1.98,0.32,ef53d04e-22ca-42bb-a116-c2af9bd85d04,7.03
335,Ty Lawson,G,HOU/IND,66,21.4,-0.99,-1.00,-2.00,0.31,16d693eb-46f0-4c20-96e8-fd26addedceb,7.02
336,John Henson,F,MIL,57,16.8,-1.88,-0.13,-2.02,0.19,aa5eb2da-1e20-45bb-aa62-9880476a372f,6.9
337,Dion Waiters,G,OKC,78,27.6,-0.95,-1.08,-2.03,0.42,1954c84d-dba0-456e-a982-b3ff2c222636,7.13
338,Aaron Brooks,G,CHI,69,16.1,0.03,-2.07,-2.05,0.20,65e8d418-5314-415d-ab16-02e088967b13,6.91
339,Rodney Stuckey,PG,IND,58,22.0,-1.18,-0.89,-2.06,0.21,56d81f06-4fa6-4368-a675-670d8647809e,6.92
340,Jerian Grant,G,NY,76,16.6,-2.37,0.30,-2.07,0.20,7b6f416c-a1cc-4aad-a149-ca203679b6d8,6.91
341,Jusuf Nurkic,C,DEN,32,17.1,-1.38,-0.69,-2.07,0.09,03492446-69fc-4249-a793-7921bfa6c664,6.8
342,Gary Neal,PG,WSH,40,20.2,-0.30,-1.84,-2.14,0.09,30e61d04-d1fe-4cc6-80c5-e6eddf592f81,6.8
343,Damjan Rudez,SF,MIN,33,8.4,-1.37,-0.85,-2.22,0.02,5fd44a47-49ce-4dd5-81f3-4304abe16f18,6.7299999999999995
344,James Michael McAdoo,SF,GS,41,6.4,-0.63,-1.61,-2.23,0.01,b2d1e930-2504-4662-9ca9-1b9ece94ef3f,6.72
345,Jeff Green,PF,MEM/LAC,80,28.2,-2.18,-0.07,-2.25,0.08,da45509e-d75a-4a2c-8db8-24ba84fd1f1d,6.79
346,Tyler Hansbrough,PF,CHA,44,7.8,-1.87,-0.38,-2.25,0.01,4c19691c-1617-441e-95a8-3f540ba117eb,6.72
347,Nik Stauskas,G,PHI,73,24.8,-0.22,-2.03,-2.25,0.07,78a0ce0b-dc58-466b-9855-182e9eac0f89,6.78
348,Robert Sacre,C,LAL,25,12.8,-2.52,0.25,-2.26,0.01,9d483895-5531-492b-badc-b56d363b9488,6.72
349,Alexis Ajinca,C,NO,59,14.6,-2.91,0.62,-2.29,0.01,f94df96c-fd06-4d0b-8472-fab8d8e22aeb,6.72
350,Tyler Zeller,C,BOS,60,11.8,-0.76,-1.53,-2.30,0.00,ceeb531e-a24e-4be6-a605-bb0514ecc1f3,6.71
351,Nerlens Noel,C,PHI,67,29.3,-1.91,-0.39,-2.30,0.01,31b8f959-9bec-4a7c-afd9-16eae2bed402,6.72
352,Austin Rivers,SG,LAC,67,21.9,-2.48,0.16,-2.32,-0.02,2c896cd4-f6be-4c35-8dd4-ee49312e9f12,6.69
353,Delon Wright,SG,TOR,27,8.5,-2.26,-0.12,-2.38,-0.01,833f330c-863c-4d64-98c4-9e4cf09ef904,6.7
354,Chuck Hayes,PF,HOU,2,12.0,-1.82,-0.56,-2.38,-0.00,88f7c309-0cb6-42c3-ac58-550a0eff0d44,6.71
355,James Johnson,PF,TOR,57,16.2,-2.12,-0.27,-2.39,-0.05,b5a968eb-57ce-4c89-bc90-8ecc8aa9798c,6.66
357,Joffrey Lauvergne,F,DEN,59,17.6,-1.06,-1.37,-2.44,-0.09,e947e963-828d-4caf-9d71-96a1ba035be4,6.62
358,Jameer Nelson,G,DEN,39,26.6,-1.55,-0.90,-2.44,-0.10,69c8adfd-bf35-4507-b62e-ab2a6e4adbd3,6.61
359,Jeremy Evans,F,DAL,30,8.4,-2.86,0.38,-2.48,-0.03,01c433d3-bd7a-42b4-b224-269d08a0e06b,6.68
360,Richard Jefferson,F,CLE,74,17.9,-1.66,-0.88,-2.54,-0.21,89a8b86f-f263-45ea-9c18-e41b5e63c58d,6.5
361,Wayne Ellington,SG,BKN,76,21.3,-1.89,-0.66,-2.55,-0.27,ceb51fc3-5b04-4abd-be0e-4687b3d38b11,6.4399999999999995
362,Drew Gooden,PF,WSH,30,10.2,-1.10,-1.45,-2.55,-0.05,6c7e133c-973b-475f-abc8-f9bf36e7f4fe,6.66
363,Elton Brand,PF,PHI,17,13.2,-2.60,0.01,-2.59,-0.05,d63e5ac8-f1ef-4bd5-8d76-8f4d65432d8a,6.66
364,Jonathon Simmons,G,SA,55,14.8,-1.49,-1.10,-2.59,-0.16,85822751-37ac-4471-98da-34e787ebc42a,6.55
365,Nick Young,G,LAL,54,19.1,-1.60,-1.01,-2.61,-0.21,bd16ca5c-cef1-42ae-8cdf-12e5154ede9a,6.5
366,Greivis Vasquez,PG,MIL,23,20.0,-0.60,-2.02,-2.62,-0.10,01752ca5-e311-4ea9-8d3c-a94e4aeadd28,6.61
367,Eric Moreland,C,SAC,8,6.0,-2.77,0.13,-2.63,-0.01,822f2d22-00e1-48e1-979c-75c203ee08f5,6.7
369,Nazr Mohammed,C,OKC,5,3.8,-2.31,-0.34,-2.65,-0.01,f33d098c-13ef-4346-b1c4-649b879b86b7,6.7
370,Ryan Kelly,PF,LAL,36,13.1,-2.60,-0.05,-2.65,-0.11,7cd60d50-b543-421b-8d31-a3a1bba6d749,6.6
371,Tyler Ennis,G,MIL,46,14.2,-2.34,-0.33,-2.67,-0.16,5ffe69c8-33f5-4218-ae08-985e56c95133,6.55
372,Orlando Johnson,SG,PHX/NO,7,14.4,-2.68,0.01,-2.67,-0.03,73532a29-26b4-4222-b6ed-5691f336982f,6.68
373,Kosta Koufos,C,SAC,78,19.0,-1.87,-0.81,-2.68,-0.39,7fdcd424-ff38-4e1e-82f8-882468cb4465,6.32
374,Nate Robinson,PG,NO,2,11.5,-2.36,-0.33,-2.69,-0.01,eed79fe3-98b3-4183-8b70-5c4fda6d49cd,6.7
375,D'Angelo Russell,PG,LAL,80,28.2,-0.91,-1.82,-2.72,-0.65,40c50918-6e04-4c45-8745-f571052c3746,6.06
376,Dewayne Dedmon,C,ORL,58,12.2,-1.94,-0.78,-2.72,-0.20,60ab1b94-eafc-4b9b-9fff-542ba1591c01,6.51
377,Chris Andersen,PF,MIA/MEM,27,14.9,-2.52,-0.22,-2.73,-0.11,9c172e15-27b2-469c-a8e9-ab4525db13cb,6.6
378,Mike Miller,SG,DEN,47,7.9,-1.31,-1.45,-2.76,-0.12,263bcbf1-6373-464f-a26f-b58b8b2a96aa,6.59
379,Steve Blake,PG,DET,58,17.0,-1.14,-1.62,-2.77,-0.31,a4112582-13ce-44e6-9e4d-eaaafcfa6fc8,6.4
380,Chris Kaman,C,POR,16,7.0,-1.97,-0.81,-2.78,-0.04,f6d753e1-aa28-443c-b912-17aa3593e27c,6.67
381,Cameron Bairstow,PF,CHI,18,5.7,-2.76,-0.02,-2.78,-0.04,4e4a226f-962a-42e1-b392-31427ca478d5,6.67
383,Bobby Portis,F,CHI,62,17.8,-1.68,-1.11,-2.79,-0.36,abe01362-c552-4662-b42c-ca037ef53161,6.35
384,Justin Holiday,SF,ATL/CHI,53,14.6,-1.45,-1.34,-2.79,-0.26,79835e6c-3a7a-4b6f-a29e-3490c7b8cee3,6.45
385,Trey Lyles,PF,UTAH,80,17.3,-2.77,-0.03,-2.79,-0.44,3ebeb49a-f7ba-4bcd-beb7-eda4e12a3629,6.27
386,Aaron Harrison,G,CHA,21,4.4,-2.51,-0.31,-2.82,-0.04,235a8024-c7ff-4752-af0b-23930577712b,6.67
387,Arron Afflalo,G,NY,71,33.4,-2.01,-0.83,-2.84,-0.87,688314cc-32b5-43a8-827c-f2c8da78d612,5.84
388,Branden Dawson,SF,LAC,6,4.8,-2.74,-0.10,-2.84,-0.01,34c64035-26a0-41f4-a3bd-e592582ee403,6.7
389,Markel Brown,G,BKN,62,15.8,0.42,-3.28,-2.86,-0.38,992516f0-4ae4-40b6-aa64-12fd436f3a0f,6.33
390,Jordan Mickey,F,BOS,16,3.6,-3.26,0.38,-2.88,-0.02,1bfb9cdd-ec6c-46a6-b4bd-1bff97b92be2,6.69
391,Anderson Varejao,C,CLE/GS,53,9.4,-3.18,0.30,-2.88,-0.20,4beb4fd4-7b44-4217-a4d2-37a9a24438ca,6.51
392,Noah Vonleh,PF,POR,78,15.1,-4.50,1.61,-2.89,-0.46,9e16b5a8-3604-4f6c-bbee-91066a6faff3,6.25
393,Thomas Robinson,F,BKN,71,12.9,-1.64,-1.29,-2.93,-0.40,8ae5f795-ccce-438c-b679-e7c7f6f58739,6.31
394,Joel Anthony,C,DET,19,5.1,-3.57,0.64,-2.93,-0.04,b3db4f08-dfec-48d5-8002-0f51f93f4158,6.67
395,Jarnell Stokes,C,MEM/MIA,7,2.6,-2.88,-0.05,-2.94,-0.01,9755ee1c-39dc-46ee-9698-b4833567e625,6.7
396,Sonny Weems,SG,PHX/PHI,43,11.6,-2.03,-0.92,-2.94,-0.23,9b9bc5df-0639-47b2-8d02-9938e6907efa,6.4799999999999995
397,Xavier Munford,G,MEM,14,17.4,-2.55,-0.40,-2.95,-0.11,d254caaa-c6ef-4641-a78b-3325b24f14fa,6.6
398,Brandon Rush,F,GS,72,14.7,-0.97,-2.01,-2.97,-0.50,28fc8175-16e6-481e-9d0e-61d09fbade2a,6.21
399,Dante Cunningham,F,NO,80,24.6,-1.46,-1.58,-3.04,-1.03,fd596933-a85b-40cd-bb5e-d7d8dd8c4408,5.68
400,Carl Landry,PF,PHI,36,15.8,0.38,-3.43,-3.05,-0.30,84d20a39-3a50-4af0-a6d0-79f0ca06661e,6.41
401,Zach LaVine,SG,MIN,82,28.0,1.05,-4.10,-3.05,-1.23,06c61086-f2bb-4994-9aa3-17a00d3ec327,5.48
402,Kevin Seraphin,C,NY,48,11.0,-3.31,0.25,-3.06,-0.27,3696a6cc-4fb4-4286-b1c5-2b8d9b521266,6.4399999999999995
403,Kevin Martin,SG,MIN/SA,55,19.9,-1.94,-1.12,-3.06,-0.57,d2034c1c-8577-46cd-9673-df00fad122f0,6.14
404,Archie Goodwin,SG,PHX,57,19.5,-0.01,-3.07,-3.08,-0.62,b56fa74a-5141-47b3-9edf-1255b126808a,6.09
405,Joe Harris,SF,CLE,5,3.0,-2.07,-1.02,-3.09,-0.01,d60ab41c-eb2f-46dd-9201-33f262d85e91,6.7
406,Anthony Bennett,F,TOR,19,4.4,-1.66,-1.44,-3.10,-0.05,08426b10-1512-44e9-ae29-6dae7445ad83,6.66
407,Alonzo Gee,SF,NO,73,22.4,-2.76,-0.34,-3.11,-0.94,df63734e-47e7-4680-b601-e22d8b2c08ce,5.77
408,Beno Udrih,PG,MEM/MIA,44,16.1,-2.98,-0.14,-3.12,-0.38,993a100f-fe8c-4a06-bf43-fb7cddac2665,6.33
410,Kevon Looney,F,GS,5,4.2,-2.12,-1.01,-3.13,-0.01,455b675e-ee9b-4046-9474-c23dbf08a150,6.7
411,Justin Harper,PF,DET,5,7.0,-1.88,-1.27,-3.15,-0.02,8180e086-1458-4867-ad6e-291d26582008,6.69
412,Chris McCullough,F,BKN,24,15.1,-1.55,-1.60,-3.15,-0.21,0d09466c-f8e2-4d18-b78d-0e700e27545e,6.5
413,James Anderson,SG,SAC,51,14.1,-2.02,-1.14,-3.16,-0.45,d3bbc3ea-1c9d-4724-98a7-6583681224dc,6.26
414,Ray McCallum,PG,SA/MEM,41,11.6,-2.49,-0.69,-3.19,-0.28,ab321b16-32b4-479c-9cbc-b68679328308,6.43
415,Tayshaun Prince,SF,MIN,77,19.0,-4.80,1.60,-3.20,-0.89,cd0dc149-fe1e-4af7-8638-75bb860234fc,5.82
416,Kostas Papanikolaou,SF,DEN,26,11.3,-3.20,-0.02,-3.22,-0.17,448fd72d-ff71-4d3f-a380-e2e786ce470e,6.54
417,Bojan Bogdanovic,SF,BKN,79,26.8,-0.29,-2.93,-3.22,-1.35,337aee18-5a6f-4edb-b093-6aa8515cb969,5.359999999999999
418,Sasha Kaun,C,CLE,25,3.8,-2.51,-0.76,-3.27,-0.07,b273762e-0141-4dfa-ac61-f4881f29a7d2,6.64
420,Rashad Vaughn,G,MIL,70,14.3,-2.73,-0.57,-3.30,-0.67,2525bea6-338c-4271-b326-711b609671cc,6.04
421,Jimmer Fredette,G,NO/NY,6,3.0,-2.53,-0.77,-3.30,-0.01,22c826bd-b424-4e77-a055-3a4198ac67e2,6.7
422,Luis Montero,SG,POR,12,3.5,-2.37,-0.96,-3.33,-0.03,4e7bed3c-caaf-4111-a6c6-5e7b0808080a,6.68
423,Jason Smith,F,ORL,76,15.5,-2.49,-0.87,-3.36,-0.84,26268a23-e866-4daf-94d1-42c39c105494,5.87
424,Emmanuel Mudiay,G,DEN,68,30.4,-1.17,-2.21,-3.38,-1.56,0f7cc253-29cd-4572-96ec-8880a8d9ba5b,5.15
425,Nikola Pekovic,C,MIN,12,13.0,-3.65,0.27,-3.38,-0.11,cd471834-55df-4520-931d-8a08ade601d6,6.6
426,Jahlil Okafor,C,PHI,53,30.0,-3.26,-0.13,-3.39,-1.19,0924e058-3473-45da-85f8-2dc28565c075,5.52
427,Keith Appling,PG,ORL,5,5.4,-2.86,-0.57,-3.43,-0.02,c2e815a5-50de-4515-b318-3505638b356c,6.69
428,Nick Collison,F,OKC,59,11.8,-3.65,0.20,-3.45,-0.55,e4df493e-f5a7-4b47-a721-31b441db64a9,6.16
429,Omer Asik,C,NO,68,17.3,-3.57,0.11,-3.45,-0.93,4af35ff3-66c1-4f32-ab0d-7311af656dbe,5.78
430,Henry Sims,C,BKN,14,18.8,-2.07,-1.39,-3.46,-0.21,ad43a061-b03a-4372-91d9-13f71f839f64,6.5
431,Cliff Alexander,PF,POR,8,4.5,-3.29,-0.21,-3.51,-0.03,c58224db-4c65-4078-ac11-168d8640e176,6.68
433,Shayne Whittington,PF,IND,7,5.9,-2.48,-1.08,-3.56,-0.04,3188e403-0ce2-428b-bacd-a4ca82f29f25,6.67
434,JaKarr Sampson,SF,PHI/DEN,73,15.9,-2.29,-1.31,-3.60,-1.05,60bab10c-a41c-492c-9a83-690014cdbe59,5.66
436,Jorge Gutierrez,G,CHA,12,5.3,-2.21,-1.41,-3.62,-0.06,90b117b7-6923-455c-9cc0-07ba85eed725,6.65
437,James Young,G,BOS,29,6.9,-2.38,-1.25,-3.63,-0.19,eab4fda3-f095-41fa-ab0c-f1298d21d50b,6.52
438,Brian Roberts,PG,CHA/POR,51,9.2,-1.85,-1.83,-3.68,-0.45,43cc92b5-01ac-492a-ad1e-3d6d1142ffd6,6.26
439,Julius Randle,PF,LAL,81,28.2,-2.39,-1.36,-3.74,-2.29,d18b4bb5-2856-4ac3-93b3-342210554df5,4.42
440,Pat Connaughton,SG,POR,34,4.2,-2.91,-0.84,-3.75,-0.14,ff748b38-19d2-48ec-ab57-927a34601dc6,6.57
441,Alex Len,C,PHX,78,23.3,-3.10,-0.67,-3.76,-1.90,5179d379-fdce-4853-a1e3-4600060320f9,4.8100000000000005
442,Kyle Singler,F,OKC,68,14.4,-3.11,-0.71,-3.82,-1.05,f8b9ea86-0b12-41ce-ba02-af6099c8696a,5.66
443,Timofey Mozgov,C,CLE,76,17.4,-3.13,-0.70,-3.83,-1.33,0dcdac10-43fa-49a6-bb0f-012fd258bf4e,5.38
444,Raymond Felton,G,DAL,80,27.4,-2.19,-1.64,-3.83,-2.31,d943bd95-282c-4f42-86e0-d3103d1284bc,4.4
445,Erick Green,PG,DEN/UTAH,9,4.7,-3.38,-0.45,-3.83,-0.04,b5d8fb1c-5b84-400b-a75c-29ff61561fe9,6.67
446,Stanley Johnson,SF,DET,73,23.1,-2.18,-1.66,-3.84,-1.81,11278856-d9a3-476e-a2e3-75d4e8b3c7dc,4.9
447,Derrick Rose,PG,CHI,66,31.8,-0.49,-3.37,-3.85,-2.29,e7d6802d-b0a7-4172-a723-dd36c473553c,4.42
448,Damien Inglis,SF,MIL,20,7.8,-3.05,-0.85,-3.89,-0.17,ae1d059e-1ec3-4f7c-87bc-02c7fbbf1751,6.54
451,Jared Cunningham,G,CLE/MIL,44,9.3,-3.13,-0.84,-3.97,-0.47,304a5224-2385-476f-a7f6-300471cd314a,6.24
452,Udonis Haslem,PF,MIA,37,7.0,-3.84,-0.14,-3.98,-0.29,93c113d8-0328-41cb-a022-c94f2ba0740f,6.42
453,DeJuan Blair,C,WSH,29,7.5,-2.95,-1.06,-4.01,-0.27,58d5a5fd-f20e-4716-8068-f4a9d4991b69,6.4399999999999995
454,Mitch McGary,PF,OKC,20,3.6,-2.93,-1.21,-4.13,-0.10,483dbdc2-c2e1-4322-90cc-936daa5be15d,6.61
455,Kendall Marshall,PG,PHI,30,13.3,-0.77,-3.38,-4.15,-0.53,9b360153-56e3-4c74-a03e-54c238023a4b,6.18
456,Spencer Dinwiddie,PG,DET,12,13.3,-3.12,-1.09,-4.21,-0.20,733c0548-c156-4742-a18d-7f47bdb7608b,6.51
457,Tibor Pleiss,C,UTAH,12,6.8,-2.72,-1.51,-4.23,-0.10,9c326618-c6c7-4ca7-bdce-a3588708bb96,6.61
458,Jeff Ayres,F,LAC,17,6.3,-2.70,-1.54,-4.23,-0.14,50641fb2-a1e5-4260-898c-8e94da355476,6.57
459,Bruno Caboclo,F,TOR,6,7.2,-3.34,-0.91,-4.25,-0.06,3764f182-86cd-49aa-9128-2cce61244a89,6.65
460,Elliot Williams,SG,MEM,5,9.0,-3.83,-0.43,-4.25,-0.06,d9ca872f-6cf4-4340-a086-f217fb849f98,6.65
461,Shane Larkin,G,BKN,78,22.4,-0.33,-4.11,-4.45,-2.66,a0ee1804-89eb-49f5-b9fc-3afff5fbe51c,4.05
463,Ryan Hollins,C,MEM/WSH,37,12.4,-3.14,-1.56,-4.70,-0.73,52a0b11d-7976-4a51-88f5-f70f52a8f8c0,5.98
464,Cleanthony Early,SF,NY,17,9.1,-4.56,-0.14,-4.70,-0.25,78bb62e8-0a44-46f7-bce7-62f8d419c25e,6.46
465,Bryce Cotton,G,PHX/MEM,8,4.9,-3.42,-1.30,-4.72,-0.06,96bcc852-d5be-4fb7-85ed-fed4e96776e8,6.65
466,Greg Smith,PF,MIN,18,10.7,-3.54,-1.29,-4.82,-0.33,0e3946aa-d549-470d-9781-27771fe5c3be,6.38
467,Russ Smith,PG,MEM,15,4.4,-3.15,-1.73,-4.88,-0.13,1c436eed-3d19-49e8-967e-25ca1a316c0b,6.58
468,Terrence Jones,PF,HOU,50,20.9,-1.57,-3.32,-4.89,-1.92,8bf2757f-ed98-4727-b4f9-acda389e2070,4.79
469,Kendrick Perkins,C,NO,37,14.6,-3.39,-1.58,-4.97,-1.01,a6818d96-2834-49bc-bb88-abbca927344e,5.7
470,Andrea Bargnani,C,BKN,46,13.8,-3.24,-1.74,-4.97,-1.14,9bae7305-fcf3-473f-b294-09b43564ef94,5.57
471,Adreian Payne,PF,MIN,52,9.3,-3.49,-1.48,-4.97,-0.88,68412e8c-ec8e-45ef-b691-621e4beacc87,5.83
472,Briante Weber,PG,MIA/MEM,7,24.1,-3.49,-1.64,-5.13,-0.34,807f7c6e-2ece-49aa-9db0-9d4e959c20a3,6.37
473,Terry Rozier,SG,BOS,39,8.0,-4.03,-1.26,-5.28,-0.66,fc6b2306-6702-4ed7-b4b0-861ee54f271a,6.05
474,Lorenzo Brown,G,PHX,8,7.6,-3.27,-2.25,-5.52,-0.13,3f7ef2a4-6df8-4efc-9208-963bf078be1f,6.58
475,Tony Wroten,SG,PHI,8,18.0,-1.74,-3.89,-5.63,-0.36,3b1301e1-1c55-4644-98db-38d6926440ae,6.35
478,Roy Hibbert,C,LAL,81,23.2,-4.09,-2.64,-6.73,-5.71,8989fa2f-f01c-456f-85db-e7b610899128,1.0
